alpha,accuracy
1e-10,20.2020202020202
2.78255940221e-09,17.17171717171717
7.74263682681e-08,22.22222222222222
2.15443469003e-06,14.14141414141414
5.99484250319e-05,24.242424242424242
0.0016681005372,20.2020202020202
0.0464158883361,15.151515151515152
1.29154966501,18.181818181818183
35.938136638,13.131313131313133
1000.0,13.131313131313133
