method,accuracy
Gaussian,27.27272727272727
Multinomial,22.22222222222222
Bernoulli,14.14141414141414
