kernel,accuracy
rbf,21.21212121212121
linear,24.242424242424242
poly,20.2020202020202
sigmoid,24.242424242424242
